"TCGA.QR.A6GU","TCGA.QR.A6GZ","TCGA.RW.A68A","TCGA.RW.A68B","TCGA.RW.A68F","TCGA.RW.A68G","TCGA.S7.A7WQ","TCGA.S7.A7WU","TCGA.S7.A7X1","TCGA.SP.A6QH","TCGA.SR.A6MX","TCGA.W2.A7HF","TCGA.WB.A814","TCGA.WB.A817","TCGA.P7.A5NX","TCGA.P8.A5KC","TCGA.P8.A5KD","TCGA.P8.A6RX","TCGA.P8.A6RY","TCGA.PR.A5PF","TCGA.PR.A5PG","TCGA.PR.A5PH","TCGA.QR.A6GO","TCGA.QR.A6GT","TCGA.QR.A6H2","TCGA.QR.A70W","TCGA.QT.A5XJ","TCGA.QT.A5XK","TCGA.QT.A5XL","TCGA.QT.A5XM","TCGA.QT.A5XN","TCGA.QT.A5XO","TCGA.QT.A5XP","TCGA.QT.A69Q","TCGA.QT.A7U0","TCGA.RM.A68T","TCGA.RM.A68W","TCGA.RT.A6Y9","TCGA.RT.A6YA","TCGA.RT.A6YC","TCGA.RW.A67V","TCGA.RW.A67X","TCGA.RW.A680","TCGA.RW.A681","TCGA.RW.A685","TCGA.RW.A686","TCGA.RW.A688","TCGA.RW.A689","TCGA.RW.A68C","TCGA.RW.A68D","TCGA.RW.A8AZ","TCGA.RX.A8JQ","TCGA.S7.A7WL","TCGA.S7.A7WM","TCGA.S7.A7WN","TCGA.S7.A7WP","TCGA.S7.A7WR","TCGA.S7.A7WV","TCGA.S7.A7WW","TCGA.S7.A7WX","TCGA.S7.A7X0","TCGA.S7.A7X2","TCGA.SA.A6C2","TCGA.SP.A6QJ","TCGA.SR.A6MQ","TCGA.SR.A6MY","TCGA.SR.A6MZ","TCGA.TT.A6YN","TCGA.W2.A7HC","TCGA.WB.A80Q","TCGA.WB.A815","TCGA.WB.A818","TCGA.WB.A819","TCGA.WB.A81G","TCGA.WB.A81M","TCGA.WB.A81P","TCGA.WB.A81S","TCGA.WB.A81T","TCGA.WB.A81V","TCGA.WB.A81W"
0.19616119525,0.36262582025,-0.0841816842500001,0.30159832175,0.099903645,0.3420425355,0.0567870517500001,0.284530574,-0.1602951345,-0.17669265825,-0.24271260975,0.26395981425,0.1898615765,0.108596826,0.55926024525,-0.19011705975,-0.0156821345,-0.25062971825,-0.0920285727499999,-0.02141900325,0.18835235425,0.00970071575000009,0.0405500489999998,-0.0240410455000001,-0.11977819825,0.2580917645,-0.59317471225,0.1956612625,0.16915117375,-0.049973693,-0.40722411325,0.2193802625,-0.0497926874999998,0.2425434455,0.369465838,-0.4409878395,-0.4611212685,-0.0402938402499999,-0.146622739,-0.0967296902500003,0.352669284,0.01262581475,-0.1998122125,0.126044824,0.081830855,0.12726233825,0.3359812635,0.0479742152500002,0.2376692625,0.1457592615,-0.3017766075,0.62046717825,0.20628168025,0.04223830975,-0.0177174227499999,0.34437684875,-0.15900530325,-0.3256948065,-0.11873059075,-0.257147175,0.145669813,-0.12454703775,-0.38362684975,0.1882931255,0.2711439,-0.079979758,0.0237066985,-0.048826166,-0.1047214485,-0.0142177742499999,-0.0428865587499999,-0.01572032725,-0.100467133,-0.15782827125,0.0273904654999999,0.280507172,-0.110209348,-0.13942150325,-0.0938935740000001,0.3606401835
-0.81530215125,1.58063847875,-0.63389150075,0.66043638925,-1.1619286585,0.843280307,-0.69710034175,0.9623820035,-1.363088768,-0.72113110475,-1.21522469025,1.39836670175,0.807096306,1.0659340115,1.12424909575,-1.41420518725,0.307302216,-0.41795241475,-1.51813630525,-1.22629776575,1.67591015475,-0.86519430375,0.7935447325,-0.3801284,-1.54943813975,1.745656568,-2.30124489175,2.179582885,-0.34055183975,-1.6891209585,-0.85499786075,0.768235217,-1.592239843,0.515587227,-0.4566331985,-1.411577688,-0.844202315,-0.19149954675,-0.1517861795,-2.03578992075,1.5594705535,-0.11784661975,-0.490442819,-1.0738789935,1.6897055145,-1.17192819925,2.09334959,-1.90759881625,1.374956075,1.115575537,-1.273192184,1.08732065275,-0.55001396025,-0.82259357175,0.40827228175,-0.21817549475,0.98985102325,-0.401172693,-1.08925077225,0.7992310205,0.5459420265,0.47649578775,-0.26926305425,-1.497056898,1.8944384975,0.6230553145,1.05668933,2.1748840495,1.424616828,-0.54115731775,-1.49397017325,0.71929448325,-0.450088622499999,0.12513262025,1.33344541,0.4386060365,-0.3791145175,0.17578498025,0.7089739355,1.949437557
-0.0505640882499999,0.58077592675,0.65850999625,0.02877643825,0.0611589094999999,-0.0377364660000001,0.16921090425,0.2156310075,-0.00395268599999996,-0.15696029975,-0.15424374925,0.38535520675,-0.0136501149999999,0.3864887785,0.37828503175,-0.29841266225,0.102876169,0.15693178425,-0.06135470225,-0.25724947175,0.12404074675,-0.21884030575,0.0207183784999998,-0.0288256200000001,0.0976617992499999,0.118456317,-0.16776795275,0.166679526,0.10477879425,-0.2320198675,0.14199438225,-0.0884002209999999,0.0315731020000001,0.104160323,-0.2533381315,-0.418036853,0.00135674199999997,0.00783755924999996,-0.2053928645,-0.45203689975,0.2792505885,0.0811687932499999,-0.0486528690000002,0.1118426345,0.3962673965,-0.18733790525,0.560856483,-0.18731725825,0.412867537,0.152093845,-0.231108118,-0.0885289192500001,0.0211990117499999,0.00104953725000001,0.05988594775,0.12154731225,-0.12404143775,0.369439185,-0.07653263425,-0.2609259105,0.2369208175,-0.0898265952499999,-0.20965776525,-0.110434747,0.2983592085,0.1861043915,0.0923036479999999,0.0260039775000001,-0.214169412,-0.23529774075,-0.49621255725,-0.0488754327500001,0.00248390050000047,-0.06203387975,0.0863478179999999,-0.1711801825,-0.2757477965,-0.20714672475,-0.1369381135,0.15221495
-0.10520637075,-0.11429334275,0.90533727975,-0.29880950925,0.0555349760000002,-0.1440425495,0.17022228975,0.0779246150000001,0.0622425955000001,0.33519583475,0.0148412122500002,0.00202405525000016,-0.00931334949999973,0.0557508170000002,0.12129847325,0.00177219525000027,-0.1239713055,0.20483031675,0.11247806525,0.0365165077500001,-0.02319800175,-0.13234558025,-6.91699999988415e-06,-0.0875512165,0.0316489537500002,-0.3294422985,0.29399309575,-0.3031482605,-0.0363300492499997,0.032691456,-0.00176086724999991,-0.0683891224999997,0.1890670705,-0.0761253254999996,0.149611708,-0.0339833474999999,0.1915686605,0.45389780975,-0.0426472489999998,-0.0252254672500001,-0.0455009949999998,0.0567881297500002,-0.00511050549999992,-0.011782627,-0.0882961290000001,0.03536602325,-0.3123407365,-0.19580433975,-0.0286917925000001,0.00126467950000037,0.1118271255,-0.45052428175,-0.10831433575,0.0922183047500004,0.0224017562500001,0.0663774067500003,-0.02750520425,0.5143945915,-0.0977695257499999,0.208706943,-0.125590587,-0.0729660077499996,0.13292354225,0.0639813205000002,-0.0658905289999997,0.0321363780000001,0.0430242654999999,0.060510692,-0.0231241775000001,-0.00402886824999982,0.0554427642500003,0.00784672975000006,-0.148676160999999,-0.20511137125,-0.1886474345,0.0154484980000003,0.0260365440000001,0.0438747737499999,-0.21925573,-0.2872386365
-0.11649178325,-7.83925000003016e-06,0.98712515425,-0.06783369475,0.0260334615,-0.031557235,0.0640296112500001,-0.1895925125,0.0674313240000001,0.43106735025,-0.00940778624999999,0.40727184075,-0.145692509,-0.1593782865,-0.07834696125,-0.0708816102499999,-0.054527821,0.30569239225,-0.0205455942499998,-0.05139813775,-0.14530076725,-0.0519583357499999,0.0861968634999998,-0.063008174,-0.00132989575000003,0.0509451400000001,-0.25514737975,0.156426132,0.0285586482500001,-0.0566072265000001,-0.19937739175,0.0833008590000002,0.00764157100000018,0.0647146880000001,-0.0831790714999998,-0.240318101,-0.00135674199999997,-0.10627011075,0.0101881034999999,0.13043960125,-0.1111424085,0.13986275325,-0.316572566,0.0730967035,0.0334061365,0.22537280875,0.113752697,0.11768444775,0.0452717179999998,-0.0317878019999999,-0.193950374,-0.0758788572499998,0.0220742677500001,0.29705876225,-0.0787362772499999,0.0513018942500001,-0.0109164537500001,0.0749998899999998,0.0162565557500001,-0.1531519035,0.1364905905,0.11527570375,-0.24704496525,0.166214759,-0.1997186565,0.0623454815000001,-0.373348134,-0.1203585785,-0.0613206180000001,-0.0243258207499999,0.0630326657500001,0.02160895025,0.1636748925,-0.0252134557499999,-0.187238899,-0.0527720265,0.0819081795,0.0136325412499999,-0.1038597825,0.289163037
0.0335399652500002,-0.34800418475,0.52248809175,-0.34388694325,-0.456618564,0.00429867150000018,-0.42596316925,-0.734704181,0.1222636635,0.23875991675,0.17430613525,-0.72048027475,-0.4626887875,0.203067121,-0.61794109475,-0.97828339675,0.3551831635,0.68932588575,-0.45914773475,0.0354609477500002,0.52256819925,-0.21075978825,0.017085209,0.2102586465,0.76286604175,0.0137830055000001,0.67597740375,-0.5548126045,0.29151421475,-0.34647316,-0.0161969922499998,-0.0405797224999995,0.3103678475,0.4135641575,-0.150310439999999,0.1561031575,-0.3455325525,-0.22586835025,-0.445108914,0.42647078275,0.190259038,-0.66980588425,0.4007586545,-0.17973713,-0.0366737489999999,-0.46878991575,0.1472772135,0.56301969425,0.0164714465000002,-0.0360188134999997,-0.5381818345,0.0355333602500001,1.56482949025,0.0170450767500002,-0.0074456467499997,0.00611761675000011,-0.0605885382499998,0.9620568485,-0.28363341675,1.299459782,0.861461837,0.0185674522500003,-0.51075321975,0.1133971405,0.0619957430000003,0.156740254,0.2039709075,0.0297769410000004,0.3243058395,0.0040732977500002,0.30400886525,-0.0696650992499998,0.0667052080000007,0.23095653375,0.3494168355,-0.247382889,-0.0198038849999998,0.33359292675,-0.132484114,0.3792828755
-0.11916695225,0.21311576175,-1.84087684075,0.0782709942499999,0.3110596545,0.394692717,0.17327429225,0.0079516945,0.586545853,-0.17851671075,-0.51632681925,-0.23448122825,0.00978394400000016,-0.0233383615,0.16707022775,-0.34132013525,0.224398691,-0.77800568875,-0.43224308625,-0.27301053675,0.16927213475,-0.05495202775,0.0505348454999998,-0.310000043,-0.0798373377500001,0.36701718,0.67973414225,0.264661329,0.23309171525,0.1046103235,0.48524651625,-0.00693434999999987,-0.223980826,0.107824634,0.1090942655,-0.394555809,-0.298150851,-0.11371288475,0.2354919715,0.20204067825,0.3922796335,0.26802606825,-0.240207008,-0.5745997775,0.0603481895,-0.0978971842500002,0.110394114,0.41046993575,0.410105425,0.076515514,-0.621067863,0.45530612475,0.64957671075,0.18689355125,-0.01557839825,0.21894876525,-0.0778581707500002,-0.807332034,0.17902303675,0.000760284499999958,0.0869367284999998,0.00414261875000005,-0.46763493625,0.260208135,0.0123904865000001,-0.4139217635,-0.066319319,0.4103782145,0.163133416,0.01599166625,0.24248793875,-0.01987316775,0.0185899275000004,-0.10220165975,0.00615538199999988,0.00436467349999992,0.3275039085,-0.23715344875,0.2399754615,0.255072198
0.87885393625,1.03993238025,-1.16571704325,0.87127786375,-0.0319220159999999,0.9538825795,-0.35761210625,-0.322228557,-0.3477370815,0.0640885677500002,-0.31276328975,-1.45642527475,0.5575897055,0.451103004,1.21082288525,-0.77311469675,-0.6098146645,0.11703228075,-0.68832314275,-0.65936246425,-0.17325976975,-0.77590271625,0.0323169320000001,1.4245584325,-1.11144502125,0.7359963095,-1.35472762225,-0.2444560645,-0.48533215125,-0.385196482,-0.82598550025,-0.6238948925,-1.3428641055,0.5748859445,-0.00212467799999971,-0.8352543425,0.0464429535,-0.51670744125,-0.0950679149999999,-0.54820144825,-0.0870554909999999,1.33615809175,1.0899596885,-0.98213135,0.734392052,-1.26600133975,-0.1360892155,-0.97007645675,0.1776556665,0.4120666135,-0.4448739715,0.30203819625,-0.43209738175,-0.77866799025,0.27035479925,0.50035097875,0.61647242875,-0.2221705645,0.0699094512500001,0.578961345,1.245921363,0.31618660425,-0.0674311137499999,-0.8119788345,1.87241322,0.074584456,0.7301175755,0.216887913,1.0878103255,-0.17014371325,0.27016931625,0.38085417175,-0.436496069999999,1.65842654875,1.5633951835,0.623017127,0.266762671,0.55674195975,0.479677006,1.3063962985
0.11976127025,-0.34071716375,0.98333053475,-0.12658626325,0.326254161,-0.1705188315,0.0153232197500004,0.234338647,-0.3497658805,0.34674261675,0.27484283725,-0.34053834375,0.145023179500001,0.193759021,-0.21710143675,0.0972943332500003,-0.4009324455,0.22762429075,0.31513518925,0.17310828675,0.15826480325,0.12488646775,-0.189305172,0.1532402935,0.0714533857500002,-0.6388549185,0.29366060875,-0.4584927815,-0.12320237025,-0.0349636399999997,0.16660707775,0.00482341450000057,0.2513138945,-0.0865986034999997,-0.244495237,0.1461140755,0.0750811365000004,0.0856839107500005,-0.169333997,-0.20782984125,0.397147431,0.0371882097500001,0.0963765285000001,0.227907383,-0.174561589,-0.0712884397499999,-0.2361901785,-0.26770992575,-0.3080601245,0.1053917245,0.4314117815,0.0623127922500002,-0.36970262475,-0.12904148725,-0.13046606775,-0.0649172882499998,0.00649989675000001,0.4349633425,0.0988864802500004,0.00210017900000029,0.068459154,-0.17569550075,0.33235999225,0.00796312050000014,-0.0305314039999999,0.0857135020000002,-0.1592753435,-0.296498177,-0.1794149975,-0.0329375232499995,-0.19992696375,-0.0425786022499996,-0.195353018999999,-0.0375219132499999,0.0809564985000002,0.00462436700000035,0.0842976350000001,0.11729599175,-0.00287961799999992,-0.0952502505000001
-0.0252350382500001,0.52795134975,-0.532976742750001,-0.0516905947500002,-0.0224707295000002,-0.134904387,0.10327136525,0.3973684165,-0.0928183600000001,0.14162931925,-0.0951003232500002,-0.34739984825,0.340739268,-0.2217073445,0.64177801075,-0.14462602525,0.052485994,-0.06613061975,-0.0485087262500001,-0.20993162575,-0.20490417825,-0.08048222075,-0.00923508150000041,0.358828967,-0.22727570575,0.74865452,-0.56389933875,0.0227833299999998,0.15351031225,-0.2502534355,0.15144989025,-0.0365393649999999,-0.431726732,-0.129230781,-0.1729240085,-0.0418859530000002,0.106890045,0.00122648124999991,-0.1433585215,-0.0157471527500004,0.1077266285,0.0743472402499999,0.269165079,-0.2021377635,0.3089037375,-0.52764075525,0.362573533,-0.32585108125,0.106983322,0.11760481,-0.087323984,0.34456423075,0.0210344457499999,0.15849691125,-0.13007554125,-0.0698096947500002,-0.0143623707500003,-0.0499010370000004,-0.10190377025,-0.2515407535,0.2969605995,-0.0439919932500001,-0.07519144325,-0.0947852650000003,0.6622610955,0.2299875405,0.175987293,-0.0984258585,0.0917859869999998,-0.21238025575,-0.31477242225,0.0176953452499999,-0.1567792165,0.0689964772499999,0.37229688,0.5830496795,-0.1989858105,0.0794400682499997,-0.0275849065000002,0.436928619
0.10953632175,-0.0803607452500003,-0.91008057675,0.0321784322499998,0.3741146195,0.235337721,-0.32210511575,0.1800009615,-0.237309449,-0.33550766175,0.25387831575,-0.0535972782499998,0.0871457520000003,0.1988705415,-0.11213008625,0.0719547337500002,0.126421527,-0.52955230975,0.42654099375,0.41446904325,0.16423850475,0.10565748425,0.0665679614999997,0.0109934049999999,0.26426623825,0.249809283,-0.13940032775,0.0712818449999999,0.22346424625,0.0176637184999999,0.18253989525,0.201246124,0.166304948,0.163794201,-0.1339954085,0.252721995,-0.212122014,0.17321156425,-0.0444521755,0.28454725325,0.2664892185,-0.41014680375,0.135882031,0.4030863755,-0.3333828245,0.04652074875,0.0469531360000002,-0.15824720825,-0.358707257,0.299058323,0.460685581,0.0244391947500002,0.0210023417499999,-0.20923605075,-0.18059433025,-0.18831142775,-0.0808673687500002,-0.644886526,0.06966256375,-0.1341001505,-0.1388141575,-0.0473211852499997,0.36698606375,0.2349084,-0.0449657024999998,-0.3817995045,-0.0274361969999999,-0.0865437044999997,-0.185776802,-0.13407056075,-0.13346628825,0.11326724525,-0.0397105274999997,0.18935540925,0.223703565,0.2670375085,0.2619830955,-0.0734363797500003,-0.0186683965000001,0.0935613319999999
0.69228765675,0.96460278675,-0.00902483075000027,-0.05222235975,-0.2578541945,-0.759452492,0.42102206525,1.2786790785,-0.0173583859999999,0.37936332825,0.0493412177500002,0.47448914475,0.90129707,0.2031211365,0.37769207375,-0.0147745292499999,0.428201525,-0.45610124175,1.44744447775,0.42823326425,-0.38123331225,0.41914607025,-0.4430497785,-0.199652733,-0.32065751375,0.036071652,-0.27987018975,-0.95483931,-0.15989346375,-0.0899018825000002,0.28002616125,-0.641667644,0.981785176,-0.108428546,0.1963424065,0.0307891919999997,-0.48272507,0.67347945825,0.2620326895,0.96867201125,0.1596002425,0.26229433925,0.491633059,-0.2233186445,-0.2006389325,-0.0711867542500001,-1.561638941,-1.30752818925,0.486873552,-0.200621852,0.217896328,0.0241772887500002,0.59626014175,0.33667897325,-0.60637967825,0.16506289825,0.31942442625,-0.173842779,0.26104858075,-0.7282911035,0.4355614505,0.46874040475,1.18981638475,0.025225563,0.1075821695,0.2647022115,0.161634732,-0.9954482235,-0.180011313,-0.45493897875,-0.71507591125,-0.13326031675,-0.0674727314999993,-0.0260928117499998,-0.455131856,0.00785053450000017,1.0280287465,0.00562068625000001,-0.1992860595,0.126962688
-0.0119805052499998,0.16344474775,0.10645779125,-0.0885747327500002,0.1882898845,0.018824365,0.0236021742500001,-0.0715968225000001,0.109166485,0.0177511652500001,0.04492723775,-0.0954486642500001,0.0895012230000001,-0.0498948645,-0.21482746925,-0.00324763824999996,-0.039547928,0.14074124525,0.07376965675,0.17308593125,0.0305121507499999,0.0478761302500001,-0.1282479605,-0.017396069,0.0800299362499999,-0.072069081,0.0616293362500001,0.026830533,-0.00459165574999992,-0.0443752774999999,0.18072554825,0.157211652,0.241015605,0.00356415700000001,-0.1131900395,0.327141857,0.194365528,-0.05615002475,-0.0355408115000002,0.00932493824999958,-0.0202856425,-0.0427540427499998,0.16952586,0.2011402085,-0.00321894350000018,-0.09854519825,-0.109838366,0.17182452175,-0.171474764,-0.0411731060000001,0.240315516,-0.0649619082499999,-0.0780145492499998,0.0954742062500001,0.0113872887500002,-0.24936502675,-0.10665115475,0.509593379,0.0732989487500001,0.0114361245,-0.0565189335000001,-0.0991641722499998,0.13374072075,0.0253583519999998,0.0370129045000002,0.1941321855,-0.226696811,0.0747423384999999,-0.285955668,-0.14277293375,-0.29085150025,-0.03309810975,0.000438041500000375,0.00626379425000001,-0.026917352,0.1116033595,0.1153061475,-0.23387912275,-0.0895741615000001,-0.0740682790000002
-0.19856611825,0.12319083175,1.41932242925,-0.0164058567500001,-0.1510845255,-0.037149365,0.27135685025,0.0467620365,0.32264827,0.56381159325,-0.12877346025,0.18187794875,0.0389391190000001,-0.2419647305,-0.06111579325,0.0441340077500001,-0.041090318,0.70460076725,-0.31524397825,-0.28404465875,-0.01319573025,-0.10737753575,0.0306198324999998,-0.06763962,0.00244483624999997,-0.240480145,0.000181748250000058,-0.199119729,0.19989004225,0.0184244935,0.0246681982500001,0.160098524,0.156664861,0.088283605,-0.0482335274999997,-0.11347358,0.167770192,-0.20342053375,0.0610953154999999,0.10607131425,-0.2575369935,0.42972293825,-0.274778519,-0.0562086735,-0.2988346855,0.23350163875,-0.052364263,0.0434189787500001,0.168056914,-0.190990432,-0.41256695,-0.14625886225,0.05303469475,0.00517952425000001,-0.00235586324999992,0.32109603125,0.12212340625,0.527043557,-0.04831862825,-0.0278143595,0.2220163735,0.0312723247500001,-0.52713982125,0.017432531,-0.0181877675,0.0620933575000001,0.0772842029999999,-0.1812676495,0.0171465989999999,0.0380527742500001,0.0938615397500001,-0.07764860275,-0.0389987514999995,-0.22446973075,-0.339471342,-0.0359919735,0.0285548755,-0.16021304475,-0.0838310055000001,-0.192454088
-0.38044951425,0.0116942437499999,0.81804440325,0.23233562425,-0.3680208005,-0.0734519299999999,-0.00252168274999987,-0.1046377225,-0.00215161799999995,0.000898999250000032,-0.46068484025,1.47569400975,-0.0816268399999999,-0.0879512885,-0.09621954725,-0.26616369125,0.053288925,0.15794758125,-0.18586146125,-0.25540015375,0.28392249775,-0.34457127975,0.2384916725,-0.365301865,-0.26860505275,0.546644153,-0.33229382875,1.04235077,-0.14248623475,0.0897431075,-0.25067070275,0.442880523,-0.0831337429999999,0.0573710900000001,-0.1646649505,-0.406219089,-0.161704623,-0.0808450787499999,0.00963763149999991,0.33168678025,-0.3575499335,0.0170449672500002,-0.542273878,-0.2176786905,0.1463031615,0.59657141675,0.712872196,0.11583491775,0.00809699899999983,0.00107452800000002,-0.397546092,0.20189881875,0.03300445075,0.58144429325,-0.0219916892499999,-0.06507834075,0.00209303124999988,0.109483398,-0.15245940225,0.1975601505,0.1464269475,0.54406971775,-0.50577094425,0.390012528,0.1616245105,-0.2493157505,-0.250421419,0.3679319405,0.459129963,-0.0971083807499999,-0.11871703325,0.16043211025,0.9444158915,-0.25546263975,-0.352267107,0.0267554125,-0.0630689125,0.0619127872499999,0.0931707554999999,1.158451432
-0.20357907725,-0.35966431525,0.17983347625,-0.34980302675,0.2263206175,-0.216340795,-0.42414908975,0.0329870434999999,1.817545349,0.11660892425,0.52146823075,2.03003267075,-0.197637636,-0.1515904225,0.38064058775,0.17034054275,-0.250314642,-0.20034152775,0.42114034375,0.17766440425,-0.40488932425,-0.16333976075,-0.1346367415,0.170838936,-0.0662386517500002,-0.592483757,-0.13754576575,-0.348587035,0.14247850825,-0.2514693775,-0.18756147575,-0.184134565,-0.137021032,-0.28666522,1.1282800395,0.00807355199999982,1.236649335,0.19158843925,-0.3014144355,-0.447706111750001,-0.2327220645,-0.22061354975,0.198460241,-0.0319175104999999,0.0624884574999999,-0.36150927825,0.201138939,-0.50065594925,-0.484047627,-0.13176811,0.221339769,1.39504326075,-0.49822296025,0.21253790225,-0.16481105925,-0.28746645775,-0.21861240675,0.589148968,-0.14797138125,0.1792323955,-0.5345528395,-0.36004216825,0.27572236275,-0.642345557,-0.1180916835,-0.0267340664999998,-0.478082914,-0.2848631535,-0.200080585,-0.01364264275,-0.0695936582499997,0.46120848925,-0.701522835499999,1.95928514025,-0.20863298,-0.0375731854999999,-0.1534812605,0.09620629925,-0.1831714135,-0.548863544
0.0989004302500002,-0.00532954075000003,0.77934702175,-0.01143778625,0.104484857,0.0368454135000001,0.16987483875,-0.0704148,0.0724527615,0.08240505675,-0.16780551575,0.24556784625,-0.0704376164999998,-0.147387506,-0.04403495575,0.0338820312500001,-0.0158642674999999,0.29848207175,-0.11985280975,-0.09897217525,0.06694432825,0.0192920937500002,-0.00337096200000009,-0.1698338665,-0.05369068125,0.0442705345000001,1.27715184975,-0.0884011105,0.0323355017500001,-0.125493937,0.08150506275,0.1107839075,0.0415032155000001,0.1658753955,0.312206621,0.000404584499999916,-0.0950465685,-0.15034597225,0.256930977,0.22198759775,-0.118803915,0.11959120975,-0.3314098205,-0.05160129,-0.125393647,0.23549108525,-0.0873923455,0.0298648942500003,0.0720631054999999,-0.1891399425,-0.1261744115,0.0891124882500001,0.33279164725,0.12457217975,0.04673360925,0.0604625307500001,0.0353721057499999,0.1760817255,-0.0760568777499999,-0.106719806,0.0201621909999998,0.0838362392500001,-0.22578784675,0.0800452225,-0.0346735149999999,-0.155903103,-0.5845292825,0.070107194,0.0396740145000001,0.16054231475,0.0069596862500001,-0.0645083152499999,-0.00049838199999952,-0.0945341972499999,-0.2078523945,-0.000123663999999968,-0.000402044000000046,-0.13809378625,-0.00820114300000008,0.0613942464999998
0.26223752325,-0.85760684775,-0.0365911002500001,-0.0412229642500006,0.576021278,-0.00592940250000029,-0.40903728025,-0.145345155,-0.4455272705,-0.13095637925,0.15768691925,-0.02651043475,-0.1709133785,0.16278252,0.0650176352499996,0.0203503782499999,-0.1575675245,-0.0435736202500001,0.59591337425,0.41548523275,-0.42960042575,0.22552710875,-0.150523902000001,0.1130119135,0.0845754017499998,-0.1064717545,0.0640530207500001,0.0809865014999998,-0.387321150250001,0.342473286,-0.01042706025,-0.1265130245,-0.1671297025,-0.2729092265,-0.055165956,0.2813777365,0.0547795334999999,0.39204974475,0.0676059059999999,-0.28601001925,0.067769199,-0.34535432325,0.3129119015,0.232639839,0.114990901,-0.33768164675,-0.2881871565,-0.22331414075,-0.4733144905,0.1210444735,0.5663499195,0.0661229162500003,-0.0576719387500001,0.0227210477499998,0.29640588125,-0.31145339725,0.0655298557499996,0.0536921054999997,0.17047381325,0.160176257,-0.413467227,-0.0710633257500002,0.64536093625,-0.0653835385000006,-0.333093642,-0.0327742330000003,-0.2981399765,0.0764416299999999,-0.2785334585,0.13161254575,1.11790669325,0.10304867475,0.00380458899999991,0.0761303487499997,0.3333371155,0.0452453959999999,0.164483647,0.16949396075,-0.0360922800000003,0.0346725644999994
-0.11886462825,0.0988830097499999,0.89553699125,0.11361686725,-0.0866422095000001,0.024469349,0.12336922025,-0.1281782875,0.236120672,0.35152043325,-0.18582069925,0.23775552475,0.0196631710000001,-0.1894634805,0.0256498047499999,-0.05318134425,-0.0721757620000001,0.23636026925,-0.11257630425,0.0100115642499999,-0.12698759425,-0.17255054675,0.1724957065,-0.290374735,-0.0681122047500001,-0.026201347,-0.33925095875,-0.0310801650000001,0.12835792325,0.1719481525,-0.36248167575,0.0121774610000002,0.000513408000000104,0.145680188,0.4013541575,-0.536278915,-0.172300901,-0.13242056975,0.1188657105,0.11004061225,-0.1334385985,0.22375970525,-0.555368968,-0.0368567225000002,-0.000195710500000001,0.28667877175,0.101050011,0.15596914175,0.288634384,0.01872707,-0.565972382,0.15554627675,0.23369271475,0.30525338225,0.13602994175,0.14069851325,-0.14228151875,-0.120369838,-0.09286561725,-0.1012518625,0.2561562945,-0.00606670524999997,-0.60061422225,0.339816732,0.0282443364999999,0.0218025315,-0.055411632,0.0924881005,-0.054893755,0.03231559625,0.12134635575,-0.03525295775,0.0426134405000004,-0.12160937675,-0.260173243,-0.0303391135000001,0.0319831244999999,-0.10996390475,-0.1406397345,0.183177369
0.01100772325,-0.0222211467500003,0.23198526475,0.0879765137499997,-0.0492897060000003,0.2211596415,0.04593336475,-0.0597507640000001,0.0589227854999999,-0.0343423232500001,-0.12724519375,0.42089796625,-0.0512375405000001,-0.0953738140000002,0.10061748425,-0.16994705475,0.0269345844999997,-0.11252462325,0.01990878225,0.00181660374999992,-0.0174816017500001,-0.28016301525,0.14919082,-0.2689407705,0.00810903674999985,0.0851837544999998,-0.0496704592500001,0.1791924695,-0.0168475092500001,0.0939941859999998,-0.12131851025,-0.0377411695000001,-0.0260225705,0.1113741495,0.0450829400000001,-0.3543986225,-0.4515293885,-0.05197422625,0.162676275,0.0912503637499993,0.0383920649999998,-0.0781105612500003,-0.3527506755,0.139139219,0.0468970539999997,0.10236721225,0.1793391075,0.17908577025,0.1251266815,0.0850885464999999,-0.2216460745,0.24936683225,0.24437657225,0.21067929175,0.0100372682499998,-0.0358760182500002,0.0991361557499996,-0.2786092075,-0.0548656257500001,-0.0757293220000002,0.340808688,0.0424385002499998,-0.29192701475,0.2211746035,0.0617473289999998,-0.162599437,0.00641395749999973,0.259299306,0.00846115549999971,0.03766546075,0.12518315925,-0.0190709002500002,0.134931823,-0.10916704525,0.00818434349999975,0.145504899,0.0987159919999998,-0.10120570325,0.0454700089999998,0.3951974605
0.0270816837500002,0.16235769775,0.41542165925,0.0450145722499999,-0.0146066625,0.391842032,-0.0853692417499998,0.1700268565,-0.199776898,0.65623854725,0.19139914375,-0.41426586825,0.0989509150000001,0.1935588195,0.23230813075,0.02971748575,-0.165593355,-0.0964187117499997,0.01704861675,-0.21223875175,-0.00346428224999995,-0.12301848075,0.2668875305,0.702176196,-0.18985359275,0.00880753599999995,-0.29767250275,-0.272327155,0.05465991025,-0.2795436315,-0.22457559075,-0.0696060839999997,-0.140848975,0.254782473,0.0883540885000003,-0.161194761,-0.076991384,0.15573817925,-0.1551193315,-0.38223473875,0.0477494305,0.23528652825,0.318989017,-0.1903099525,0.2124287995,-0.21072529125,0.246257785,-0.45390611525,0.226265583,0.136035478,-0.00891255999999996,0.29505705375,-0.16447228725,-0.47452969675,0.05322459175,-0.13923478175,-0.0675378227500001,0.0976489889999999,-0.13353882025,-0.1127767025,0.4254026245,-0.21687982225,-0.000200732249999946,-0.378486244,0.1211620225,0.2432393645,0.152294764,0.1823675565,-0.024925762,0.11758116825,-0.24356637925,-0.15496213775,-0.4071747425,0.21037942425,0.519892958,0.2639328335,-0.0904566055000001,-0.0500098737500002,-0.1118997005,0.035540178
-0.11463399775,-0.39301811775,2.16323273575,-0.45231666625,0.200853516,0.1149101355,0.84593553375,-0.156723552,0.4752935665,0.38355644775,0.21244812425,-0.49045361575,0.0868215565000001,0.03331199,-0.42658558575,0.0474571152499998,0.1196162735,1.27262112275,0.25448250125,-0.12722102525,0.01138600925,-0.0887453352499999,-0.445702652,0.7948500755,0.17626137375,-0.8028614265,1.09329176975,-0.5864375715,0.37302833075,0.166031668,0.14433942975,-0.0610184595000001,0.0685896025000002,0.2332483815,-0.252122648,0.3572233625,0.2517533415,-0.23259321325,0.0100731319999997,0.0943797337499996,-0.256267833,0.42039705475,0.4796014695,-0.0540768920000002,-0.377591284,-0.64991753275,-1.0407038415,-0.74875732575,-0.1445501095,-0.6929748875,0.4240542745,-0.77079593875,-0.38060554975,-0.0222272982500001,-0.35806422775,0.30905944775,-0.26867517625,2.0177984375,0.46278037725,-0.0706275890000002,0.0116852999999998,0.27708688125,0.24956610625,-0.4454680945,0.053836476,0.428365041,-0.1132078635,-0.708344931,0.2656505565,-0.28274806525,1.00480843525,-0.25451996525,-0.454918654,-0.49576731825,-0.2323063075,-0.371497702,0.0917593869999999,-0.22049666825,-0.29772626,-0.3071680035
-0.0677933347499998,-0.37048593975,1.94317652075,0.0709828577500002,0.274892334,-0.2471713805,0.15153831275,-0.206084552,0.00810591350000036,0.75253890275,-0.0408238717499999,-0.35562853675,-0.0423075074999997,0.0905217109999999,-0.10061570475,0.30719222125,-0.0421996474999997,0.90386245775,0.15587687525,0.23655732575,-0.10932039275,0.18490398175,-0.374471726,0.0779739374999998,-0.0545334072499999,-0.5733298695,-0.000181748249999947,-0.6631925955,0.05445561875,0.0611040199999999,0.21749554375,0.00481728950000049,0.1344451865,0.5301658775,-0.786533647,0.0293307615000001,0.6361301725,0.0271661487500003,0.0551457300000001,0.24268191275,-0.0115763660000001,0.34098983275,0.0457380614999999,0.296792157,-0.16080049,-0.34154883175,0.00989813349999991,0.20458837425,-0.4660245705,0.0815437045000002,0.4255142765,-0.46334082075,-0.41956668175,-0.0907837612499999,0.0244076162500002,-0.0037891112499997,0.0902971627499999,0.6439206545,0.0808132862500001,-0.0994857619999999,0.185766049,0.10145787225,0.35387093325,-0.8952150435,-0.300147979,-0.0400622659999998,-0.5198615075,-0.227638508,-0.1817940555,-0.00267288724999992,0.08860553425,-0.12636595125,0.0804952010000005,-0.00594302224999976,0.0887413594999999,-0.0254749899999998,-0.117269401,-0.0290214492499999,-0.269228219,-0.445488694500001
0.10172710525,-0.0264852807499999,-1.28186836225,-0.39815274225,0.21603201,-0.0155783804999998,-0.34296677325,-0.0173517899999998,-0.2822816175,-0.58748403825,0.0555817882500002,0.55451917625,0.0322382275000004,0.17421804,-0.40787611775,0.23175538525,0.1281498805,-0.50384357325,-0.0483407197499998,0.27478830175,0.25123334225,0.40973069075,-0.492293355,0.2528989865,0.43721837475,0.1565593095,1.28113614675,0.4999759795,-0.0517568972499998,-0.195999092,0.62958350775,0.3243019215,0.6073928875,-0.5050528615,-0.430598388,0.7338382485,0.6101037015,0.00915146275000023,-0.120759234,0.26362795575,0.353212643,-0.57327918525,0.4425846555,0.148733145,-0.190676663,-0.21829223375,-0.3617025885,0.25817121825,-0.2979256285,-0.4770569965,0.5879328025,-0.451985861749999,-0.43080718075,0.89012607175,0.00431276925000046,-0.12934158325,0.54965314875,0.0616695575000001,0.56891305525,0.0433559600000001,-0.867737783,0.22487050225,0.60038449525,-0.1867279045,-0.558621066,0.338340714,-0.3565183655,-0.18421652,0.1522479395,-0.19301119625,-0.0224065927499996,0.47044426575,0.497417004000001,-0.21276424925,0.1591261725,0.223631848,0.269837912,-0.0607825672499999,0.531861343,0.2256128235
-0.15423363825,-0.35766779425,1.99836825025,0.19886981825,-0.1269771415,0.601816424,-0.46513987475,0.0667930215,-0.468643677,-0.81156793475,0.03031845175,0.37960040775,-0.140752148,0.5171838375,0.000765542749999959,-0.52588689925,0.657834155,0.21467470225,-0.28926219525,-0.44275470675,0.51061333575,0.17789736725,0.3308856825,-0.062138801,0.11653545425,0.627130247,-1.01319943675,0.337673733,-0.15426787675,0.3433139365,0.62502181725,0.144600473,0.0553691990000001,0.509512248,0.3716628945,-0.891295107,-0.683343085,0.35854451625,-0.0951135115000001,0.76434201125,1.0749721825,-1.06629572875,-0.256838177,-0.5599785295,-0.4113810125,0.32602862975,0.051540526,0.12889772475,-0.372745108,0.314596563,-0.52817864,0.20274409575,0.57160817175,0.44476090125,0.33739272175,0.48463846025,0.26074793625,-0.988148632,0.75867123775,0.2003204635,-0.5290340455,0.57785253175,-0.44715098925,1.137943583,0.0547780735000001,-0.2174533465,-0.000153066000000035,0.5443397115,0.094071637,0.14239208025,-0.12241665025,0.63141118125,0.3997406375,-0.22636634275,0.550310928,-0.2294508305,-0.3231432745,0.0646245282499999,-0.1759643225,0.554481796
-2.92298123975,2.53491197925,-0.29481329325,-2.02488720725,-2.447858776,-2.6554019415,1.86407595975,-2.817098923,1.9589417375,-0.55127728425,-2.73692277975,3.73375792625,-2.1155719575,-1.589472307,-0.95089388675,0.66678860125,2.1387764605,1.81758621175,-2.09788776675,0.73616878675,2.81916189325,0.70433637875,1.436396841,-1.8537201795,1.18844283175,-0.4633668395,-0.0309755652499999,2.5795431105,-1.03771570025,0.430411248,0.85056371875,-0.7332069815,-1.1711731155,-3.5106916565,-2.291251991,-2.8366225255,-1.7108985795,-2.14362234025,-1.662449683,1.58659297875,0.153088377,0.75163455075,-2.6986878665,1.368572177,1.457204345,0.18887163725,3.8517931605,2.97344834025,0.3698444105,0.5285699725,-1.2675875395,1.02107092525,-0.90632759275,2.66040863275,-0.26768384775,2.04258160575,0.37200441775,-1.7548481525,0.10468953325,-2.29944747,-1.23492119,1.69306185225,-0.99596814075,2.4729979335,2.530670492,-2.053648559,1.2654798865,3.549427951,2.7166128905,-0.98696503625,-1.65856686875,1.76803468875,0.0162580670000005,-2.43291097225,-2.6535573525,-1.008061806,0.458357156,3.31458379375,2.192577045,3.4977615145
0.00453844725000019,-0.31540352075,0.91780010675,-0.0631659292499998,0.0830692920000001,-0.1345038805,0.0410888897500001,-0.0576462139999998,0.0325115575000001,0.23988378275,0.00822502025000016,0.14988930125,0.1525825735,-0.088715137,0.00291388925000002,0.11872076425,-0.0522853234999998,0.38518541675,-0.0054283057499999,0.13497191775,-0.10832029875,0.20056083575,-0.0587988510000002,-0.0409386865,0.0585934667500001,-0.0889029474999998,0.16553469475,-0.1056915815,-0.12462000325,-0.0115050299999997,0.14384716975,-0.0235255804999996,0.1071263015,0.0413350705000002,-0.108849224,0.0950748075,0.2097737515,0.0951583347500002,0.0218382729999998,-0.00881091125000011,-0.064631339,0.0911576067500001,0.0849856065,0.0293851740000001,0.0464414660000002,0.0254152712500001,-0.0368741365,0.10369067625,-0.1129343705,-0.1238541565,0.1012812555,-0.41502787075,-0.0464485957499999,-0.0707652632499997,0.17540454825,0.0236474847500001,0.09088394175,0.5262243095,0.12157384425,0.0795095720000002,-0.0920580940000001,-0.07964570875,0.0997110192500001,-0.0150951804999997,-0.20799612,-0.0625919979999998,-0.0304905214999998,0.0249914240000002,0.0203365815000002,0.0385829867500003,-0.00376155474999973,0.0531636177500002,0.00164163100000037,-0.0373710692499999,-0.1242025545,-0.00501340199999989,0.010818712,0.00115816475000019,0.037892429,-0.3241270105
-0.17171548325,-0.18291713925,0.86234677425,-0.0279433897499999,-0.1268781915,-0.0360448689999999,0.42647964425,-0.1436438125,-0.0158162019999999,-0.0980654887499998,-0.17763991425,-0.11921856725,-0.172927905,-0.0995628394999999,-0.20015199225,-0.20510210825,0.256848464,1.34120474425,-0.0559531572499998,-0.0699285037499998,-0.0595814972499999,-0.24685763275,-0.0763147285000001,0.0355070940000001,-0.0347978777499999,-0.146648321,0.46577042425,-0.184325163,-0.11881086275,0.2499854565,-0.13723081575,0.0219350900000004,0.0302981580000004,-0.264940274,0.1491041915,0.106760478,-0.0359942569999999,-0.0835353597499997,0.1399135025,-0.0871422667500001,-0.2548332235,0.38186343125,-0.213706439,-0.2216239295,0.2280427075,-0.00130270925000009,-0.00118911299999991,-0.0516201002499996,0.340776825,-0.103631612,-0.0490235749999999,-0.27469686225,0.21625224175,0.38679775025,-0.0177053902499997,0.22048788425,-0.02722729575,0.166742574,0.80395394075,0.0284307325000001,-0.1030144715,-0.0781248922499997,-0.27152331625,0.167645988,0.0169970175000002,0.1096896895,-0.00613740099999993,-0.1847479485,0.00199219300000009,-0.11812380675,0.12561012575,-0.0425772267499998,-0.297579852499999,-0.10359725075,-0.352979307,-0.1128083475,-0.0098530384999998,-0.09110624075,-0.1594424085,-0.269983474
0.18702607275,-0.65065754425,-0.91218733975,0.0124325912500001,0.7587505455,0.154880928,-0.13019533675,0.2600086945,-0.22265085,-0.36718523875,0.35556607075,-0.35737043525,0.0100687370000003,0.4110021965,0.0626366027500003,0.0819676067500001,-0.024406519,-0.40246647875,0.79622187675,0.56194817325,0.08215104475,0.23292881925,-0.0371540525,-0.0021247430000001,0.20825563225,0.11610096,0.32646291425,0.200679282,0.0470907362500003,0.0170058135000002,-0.0440856017499999,0.184974527,0.0955060890000005,0.265826056,-0.244412058499999,0.214415478,0.0765271860000001,0.38554633925,0.0952460414999999,0.16993092725,0.3024542525,-0.94523943375,0.374328658,0.3916302805,0.0245362355000004,-0.71493748325,0.126801158,0.24277688975,-0.718344922,0.40132271,0.852966662,-0.17706482725,-0.29481154625,0.18937317925,0.25045222675,-0.25322735375,0.0891980422500002,-0.181854299,0.0971331677500004,-0.1343203665,-0.3448456505,-0.10251340325,0.85775197975,-0.23800694,-0.4109153275,0.0553401065000003,-0.662344059,0.1875520065,-0.443760436,0.29872089225,-0.40428032225,0.0852168962500002,0.0977931535000004,0.28934450725,0.368907135,0.1499576635,-0.0637288585,-0.15312672375,0.2056803485,-0.2139607
1.96827767475,2.65850271675,-2.71805403775,0.22560148225,-1.0410010915,0.557151595,0.71781747825,3.1371291265,0.244761639,3.07692389025,1.99734842875,-1.94997446125,3.456401125,-0.2119752815,0.11592670675,1.94508274375,-0.0337103939999999,0.31389264125,-1.28008613525,-1.36756884875,-0.25147966625,-0.12383508075,-0.6749317935,2.005723004,-0.48439319975,-0.681329676,0.77540538125,-1.384926638,0.35030527225,-0.0648211375000001,-0.32746030275,-2.967179075,-0.920455599,-0.94746824,0.5733838275,-1.522478291,0.25763342,-0.94437183575,-0.8245388175,-0.77634414275,-0.4807410795,0.81606648025,0.33904782,-1.6251022635,0.5506144485,1.00703726275,-1.523576494,-1.18258940625,3.114082912,-1.486373192,-0.728017977,0.36198208975,-0.18127288725,-0.94558126875,-1.50014474425,0.17093038825,-0.99701969475,-0.488561325,1.81591571475,2.9661420305,2.9803566525,1.71817371375,-0.63679964525,-1.351828935,-0.4497130555,1.4258762415,1.920062048,0.5867208605,0.811812873,0.72158272525,0.28085141775,1.23970875725,-0.328961289499999,1.46347524625,-1.137189954,-1.6555797205,2.5705995055,2.90195953725,1.6673140245,-0.507161918
-0.27834801075,-0.0500952337499999,1.26531908775,0.0857392987500001,-0.142084446,-0.0464740644999999,0.10917959075,-0.0827794629999998,0.0678699115000001,0.29418896775,-0.22081944375,0.22275733525,-0.0946966104999998,-0.247268503,-0.19994733475,-0.0655623457499998,-0.0264600694999999,0.58916271375,-0.00683258274999969,-0.07188590025,-0.08170362475,-0.13746790725,-0.045949408,-0.2343640345,-0.05941430225,-0.0834331524999998,0.00552825275000024,0.0180084495000001,0.0267653537500003,0.0154374750000001,-0.00445101724999986,-0.00454177749999962,0.1286342515,0.0591722785000002,0.122525858,-0.1621235795,0.1372623245,-0.11465660625,-0.016383398,0.21272304575,-0.230341607,0.37154512675,-0.2080397675,-0.0566033459999999,-0.00148628200000001,0.21004101925,-0.0411369404999999,-0.00815083174999964,0.0315993985,-0.1364544025,-0.1390366645,-0.14070709675,-0.04062463975,0.14316288175,-0.0339927947499998,-0.0405331532499997,0.0343872037500001,0.4820490185,-0.0986122887499998,-0.00574928699999985,0.035386781,0.0699874812500001,-0.11885641075,0.00514428649999998,0.0597152150000001,0.00109236700000026,-0.0984015274999999,-0.211438644,0.0468449435000001,0.0327060317500001,0.0171663092500002,-0.0444190632499998,0.141596687000001,-0.11527562025,-0.2537264575,-0.0794883549999998,-0.0263921129999998,-0.0585583482499999,-0.067159491,0.0150047634999997
0.29681644225,0.92569281825,0.0900218237500001,-0.61035911425,0.472556829,0.5103954615,0.0924188717500001,-0.07342564,0.0507983485000001,-0.28088132825,-0.0931292657499997,-0.71159467775,-0.2033324755,0.349451779,1.03922553725,-0.0920067477499997,-0.665047130499999,0.78782291175,0.12068445325,0.61801324975,-0.33160998675,-0.19072521925,0.0295186529999998,0.7598220395,-0.34991752925,-0.597220055499999,-0.55967540625,-0.388186155499999,-0.53844589825,-0.255147921,-0.50609932525,-0.4660174375,-0.3851087635,-0.201695836499999,0.206667589,-0.3897562855,0.5571471875,0.62884939475,-0.380158064,-0.67775796425,0.084369795,1.31704966375,0.7578608395,-0.334973877,0.501533479,-0.56680585975,-0.4267244465,-0.16938958975,0.0764001935000005,0.1106312435,1.2320911065,0.0100585032500002,-0.29894745375,-0.45923995325,-0.0580785027500001,0.0528128537500003,-0.29673575625,1.3993171035,-0.19396387375,-0.416676779999999,1.21865293,-0.67211456375,0.52847831525,0.0356044025000004,0.199260313,0.937456781,-0.3035955925,-0.0590518949999999,-0.6602918865,-0.19611633925,-0.85557447075,0.0451776477500004,-0.948866670999999,0.32779877775,0.4714684835,0.478014471,0.199459264,-0.12089605425,-0.480233403,-0.2552172625
-0.0913492962500003,0.15930642875,0.0238163382499994,-0.0683637357500002,0.2357407905,-0.102475034,-0.24281026075,0.3116799885,-0.463112234,-0.0209562597500003,0.12828735675,-0.14596097925,0.0626235499999999,0.1210586885,0.15479890275,-0.00177219525000027,-0.00443961200000031,-0.13613739275,0.38250528575,0.21982532125,0.11194458875,0.0425935322499998,-0.1808991475,0.0369965629999996,0.0410921562499995,0.210168066,0.10043208925,0.194043468,-0.15276655675,-0.486315419500001,-0.14753660675,0.247399051,0.149210911,-0.190167088,0.00196312749999961,0.491925906,0.390489001,0.21689655725,-0.272403037500001,-0.366139325750001,0.1792340765,-0.19427940375,0.208129699,0.1299464295,-0.0014034795000003,-0.0802476752500006,0.581920588,-0.44162054725,-0.182603961,0.0958712659999998,0.287027161,0.12589323675,-0.18462942825,-0.0751801057500002,-0.35788649325,-0.0905442457500003,0.0657018612499995,-0.0746154990000005,-0.15873138125,-0.1672153105,-0.101666867500001,-0.14977250125,0.61546250275,-0.187705930000001,-0.1224358035,0.0825693124999998,-0.342733264,0.00282091749999958,-0.198383936,-0.0324015607500001,-0.23398634825,0.0820800412499996,0.2597638605,-0.00251320875000027,0.120477798,0.3209607355,-0.239785240500001,0.0391072012499994,0.0817147084999996,0.150888867999999
0.32140327275,-0.704489948250001,0.689498270249999,0.22766017725,0.2952377745,0.0139796009999997,-0.62780419975,-0.6009577885,-0.730308089,0.15305224025,0.37760565075,-0.58867131125,0.000118212999999701,0.3467959155,0.0843560917499999,0.13942285775,0.192216001,0.57467889225,0.44647680975,0.30690341925,-0.0164969662500003,0.03225765925,0.0839914844999994,0.182111714,0.175238428249999,-0.382883322,1.42705199725,-0.211760207,-0.24601836075,0.3459075075,0.25967382925,-0.000132685000000077,0.0950339459999999,0.0276029319999997,6.68045000000728e-05,0.29875141,-0.0906949230000002,0.30049375325,0.3060478955,-0.164479674750001,-0.00868229950000043,-0.0133087307500003,0.509363731,0.3470985155,0.2413292755,-0.18799556125,-0.193024371,0.13287701575,-0.230740307,0.0871501739999997,0.855043116,0.13298186975,-0.54484211125,-0.33631658675,-0.12222361725,-0.17142562775,0.227851938249999,-0.329967848,-0.14146562425,0.1300099955,-0.348864998500001,-0.0496355532500001,0.90505561575,0.164230285,-0.3014790365,-0.4542921385,-0.584394857000001,0.2231005225,-0.274696236,0.11397487625,-0.32860741425,-0.17229849175,-0.6288835985,0.01651874925,0.247357421,0.0602164124999995,0.0597636694999998,0.0977647232499997,-0.215596142500001,-0.183472346
7.06592499998271e-05,0.32835262625,0.0703813217499996,-0.0659186952500006,-0.0368292720000004,0.3867828155,-0.18483403525,0.107369458,-0.0392906955000003,0.55189745475,0.14665259825,-0.61403551675,0.0918667314999997,0.169054866999999,-0.12773846775,0.19474403025,0.0449127854999996,-0.32831614725,0.0498528872499995,0.00260796274999942,-0.0683808767500005,0.12968775175,0.0311142669999995,0.1758934225,0.185741246749999,0.00623080949999988,0.38984743475,-0.1053289445,0.0110883727499997,-0.115873791000001,-0.0804731602500003,-0.0578740545,0.0190599594999997,0.107931012499999,0.231121848,0.0767447434999996,-0.1042280525,0.20920354275,-0.0824134060000005,-0.0299131582500005,0.111536353,0.31532355575,0.0129653194999996,0.248148541999999,-0.0837849940000005,0.0852469982499994,-0.1788217745,-0.27508897775,0.1944469285,0.0329296134999996,-0.1195128195,-0.27559540375,-0.19345008375,-0.28471896625,0.10694662025,-0.10185416725,0.0487516047499996,-0.104501098500001,-0.00269305475000026,0.231819148,0.0155294239999993,-0.0470359517500005,-0.0178824787500003,-0.0123868995000003,-0.0250331830000005,0.101074001,-0.274835906500001,0.00274031199999958,-0.1323362615,0.25728809275,-0.25245940675,-0.0154415872500004,-0.136496547,0.0268445437499999,0.00603950049999957,-0.0521242170000005,-0.0920627690000003,-0.11333296925,-0.355828860000001,-0.2891251435
0.13567728825,0.13938933425,-0.29833012825,0.11461892175,0.118802079,0.0110922995000001,-0.0702407042499999,0.057166802,-0.1133463555,0.07755579575,0.05657221025,0.28244429225,-0.00294411449999982,-0.285411369,0.17604196025,-0.19763890075,0.0540988495,-0.27285208625,-0.0838067017499999,-0.05710507525,-0.00102212875000002,-0.0848461692499999,0.132882364,-0.2005788355,0.11091953375,0.0966552905000001,0.0672132237500002,-0.0397169315,0.16616455975,0.025171994,-0.0669388382499999,0.1363496015,0.2927916755,-0.0474420154999999,0.455050842,-0.1305225775,-0.2758581395,-0.10465598925,-0.172182486,0.15026932575,-0.056767608,-0.0924341162499999,-0.5447853945,0.240232736,-0.00881146799999999,0.18918032825,0.1671177075,0.19070270425,0.0177977085,0.1380489895,-0.4688697295,-0.0321015297499998,0.44359979525,0.13646317375,-0.10202549775,0.15100139975,-0.0416807492500001,-0.6519925665,0.03681350925,-0.0411167979999999,-0.0105849220000002,-0.0367210647499999,-0.41260074075,0.4317066285,0.084101442,-0.128288729,0.0379574555,0.0549188500000002,0.000997501499999998,0.0121602817500001,0.21086944025,-0.0888167552499999,0.181692994,-0.14844377525,-0.00334712950000005,0.0712347680000001,0.029064786,-0.0423000382500001,0.0618708269999999,0.4842954075
-0.01417359425,-0.15125261525,0.22209184125,-0.17227870475,0.3308837095,0.0318379139999998,-0.0810616507500002,0.2340089775,-0.212333773,-0.46251603375,-0.0796171842500001,0.0666245087499999,0.00275793199999996,0.0580926654999999,0.13460862975,-0.18344260725,-0.213906462,-0.06490968575,0.44374311675,0.18895632125,-0.11924322925,-0.0277151797499998,0.0980522814999998,-0.235303809,0.05326976225,0.245528915,-0.33295558375,-0.0387862450000001,-0.0805727897499998,-0.1267235435,0.00909752224999993,0.331223512,0.239004407,0.159306101,-6.68045000000728e-05,-0.190999978,-0.0661659479999998,0.10558324025,-0.0849576634999999,0.33683283525,0.0478724655,-0.07916017475,0.113459906,0.0110844634999997,-0.1215090385,-0.19387065925,0.113031609,0.40089263175,-0.402621085,0.10397672,0.387886169,0.0131871997500004,0.52728391175,0.44591437125,0.0562797557500001,-0.15012499475,-0.0877949217500003,-0.14874247,-0.0905269212500001,0.1138443975,-0.0302393635000003,-0.22924188325,0.52945168475,-0.195958902,-0.2910927585,-0.1969275365,0.000153065999999979,-0.0805026515,0.0585023639999999,-0.15157979375,0.36524800575,0.11615860925,-0.1044299275,0.0664377462500002,0.0608680839999998,0.1788262815,0.1779686305,-0.0409735317500001,0.2082261005,0.0761178999999996
-0.0909680572499999,-0.07222896025,0.06239407925,0.07873439325,-0.0275541475,0.071164837,0.0484404802500001,0.0320447645,-0.0614965919999999,-0.14702104475,-0.07207556425,0.24982429375,-0.0479087489999999,-0.1285678945,0.27296603075,-0.24672700925,0.027799086,-0.10968033975,0.13144200075,0.21395641525,-0.12409291325,-0.21223619475,0.0858702614999999,-0.247100108,0.12642529425,0.0567006920000001,-0.42032630375,0.067765074,-0.0732625237499999,0.3653954045,-0.0609456087499999,0.414310509,0.454222905,0.181232,0.0323459045000003,-0.265043593,-0.400454245,0.0998302582500001,-0.0636146665000001,0.30118612525,-0.1458364395,-0.17752105575,-0.628478097,0.2551709415,-0.2058716565,0.33734886275,0.203376294,0.24995805675,0.155929059,0.119603129,-0.292441557,0.0494806007500002,0.38925027375,0.0960195632500001,0.0157786927500001,0.10767124725,0.0560679802499999,-0.261695444,0.31957573875,0.0672773265,0.0464586764999998,0.0788447687500001,-0.31503854725,0.646009065,-0.0711533744999999,-0.1152992415,0.167051901,0.4232021735,-0.031274908,-0.11368731375,0.25801250075,-0.07448895675,0.0747882715000005,-0.25439692475,-0.195442885,0.3008599175,0.000487165499999997,-0.15653550575,0.0128903284999999,0.366645177
0.14287549025,0.369500478249999,-0.408214329250001,-0.35705283025,-0.50608085,-0.4370161245,-0.22817471025,-0.125260173,-0.1692915535,-1.09412525825,0.0829737592499996,-0.912250806750001,-0.1166005185,0.533657128,1.10748098925,0.36144220825,-0.6383215095,-0.35448568825,0.0348071822499996,-0.11195227825,-0.249678026750001,-0.0585656442500001,-0.776878769000001,1.0674000925,-0.53514395625,-0.1752068475,-0.0354286932500003,-0.2814647215,-0.25158667825,-0.222639034,-0.0710747702500004,0.2251484315,-0.2531022695,0.1421749635,0.228193209,0.8038143845,0.8373074035,0.49815503175,-0.159232863000001,-0.14905069625,-0.787164976,0.29197483975,0.0375293954999997,-1.164632265,0.382247188,-0.916404505750001,-0.6731109855,-0.862986996750001,0.2379116275,-0.3199442715,0.2636707465,-0.190597625750001,-0.65563731175,-0.656382617250001,-0.0222500997500001,0.19696189575,-0.0693863252500003,0.346203787499999,-0.66396307175,0.0981015659999997,0.59048633,0.28744534225,0.29132106225,-0.432194087500001,1.442765624,0.703772031,0.7588864825,-0.259708024000001,0.3761882515,-0.39651274625,1.11285935025,0.53555897675,-0.187076538,0.70277121475,0.9257109835,1.591000309,-0.342592922,0.84698162975,-0.204027355,0.218053282499999
-0.11492751125,-0.0100659382500001,1.33714446325,0.16817559625,-0.3740652625,-0.049777038,0.16652628225,-0.1112298105,0.152100161,0.40988666325,-0.18998040425,0.42301345575,-0.229907326,-0.2737540125,-0.12019140825,-0.11304424625,0.0380076739999999,0.77737732725,-0.01042683725,-0.19049753375,-0.15279373625,-0.33700037275,-0.0695358325000002,-0.209982813,-0.0253001907500001,-0.163839379,0.06227563025,-0.0808959170000001,0.05164084525,0.2411946925,0.02679374925,0.0413408780000002,0.108651109,-0.00356415700000001,0.1522456755,-0.309398168,0.018071553,-0.14917339575,0.1903324555,0.0896268352499996,-0.0244047105,0.39686819025,-0.435905707,0.1109022095,0.1492563495,0.26276273175,-0.135738806,0.15364792775,0.18137237,-0.0904277850000001,-0.422161953,-0.0408625232499999,0.22664292175,0.16273027625,-0.0797398572500001,0.11125583225,0.00960858424999983,0.448518927,-0.0454716362500001,0.0372214965,0.1349588305,0.16617740875,-0.42160176025,-0.0212340550000001,-0.0706693005,-0.0952628475,-0.0803604830000002,-0.0128818245,0.0873685269999999,0.10407336925,0.23903658475,-0.14897539775,0.0741505145000004,-0.27419878175,-0.413788125,-0.0232809375000001,-0.1703882115,-0.0820045167500002,-0.0266056115000002,0.0947627989999997
0.13924527225,-0.07265691775,-1.99052865025,0.24717221775,-0.002417903,0.1061571595,-0.31417096825,-0.112333874,-0.0886297084999999,-0.77215389625,-0.52740520075,0.28536940225,0.1173006085,0.0499068939999999,0.31015522625,-0.53326061575,0.0625259675000001,-0.33673212125,-0.10124568875,0.42121765675,0.25912891825,0.18229280975,0.516204176,-0.2788937925,0.25447589375,0.2258002095,-0.92163240225,-0.0440453865,0.42013279975,0.173250991,-0.04960204225,0.5058491845,-0.0889049564999998,0.2067671845,0.0787572370000001,-0.1848220165,-0.2942998635,-0.00122648124999991,-0.102318664,0.33030088275,-0.0352796630000001,-0.37677178525,-0.2113369045,0.189709299,-0.136687624,0.25811522025,0.4840376045,0.42015527725,-0.3019005465,0.1660761165,0.1989981515,0.36021634725,0.73959888625,0.34509255675,-0.19476167775,0.62472482175,-0.11422582925,-0.7190066915,0.36149011725,0.042693266,0.256575944,0.19756316825,-0.38997484375,0.6640115685,-0.110078367,-0.217517839,-0.1956621335,0.332970804,-0.0852384564999999,0.23902344375,0.21581042825,0.38962920175,0.304215587,0.0386591177500001,0.2101770185,-0.00363578199999998,0.056512491,0.17730975375,0.288055827,0.6340890705
0.0396901837500002,0.26553179175,0.22232538425,-0.90294825475,0.3949045695,-0.0455045110000001,0.66038242225,0.8727811995,0.163025177,0.73765818725,1.35038399675,0.0866215127499999,-0.163211135,0.5610421015,-0.32475570325,0.12864241575,-0.107352644,0.73114868325,0.22296853675,-0.13033401175,-0.56995324425,-0.0242709797499997,-0.6594010625,1.007177485,-0.24352632775,-0.346083775,0.39721962025,0.28677979,-0.000221474750000061,-0.5493680195,-0.23118804475,-0.488312659,-0.0602614769999997,-0.198171872,-0.3482000905,0.213048509,0.522652838,-0.15439273075,-0.2152226155,-0.574913402750001,0.0818141834999999,0.17039853625,0.488733812,-0.2416778545,-0.4062930125,-0.66441519225,-0.989276546,-0.16997000425,-0.21266778,-0.214449442,0.846238915,-0.96571450225,-0.57270894125,0.43116249425,-0.73417332325,-0.23778799975,-0.23068280175,0.0289098209999996,0.36597327975,1.1811745395,-0.3765447115,-0.16364894125,0.59802530875,-0.7758027,-0.3497441015,1.1020300655,1.684028726,-0.8471961285,-0.515033173,-0.91096498375,1.78106455175,0.25805010225,0.0204004065000006,-0.21986196475,0.0458999720000002,0.1554003085,-0.1624180115,0.41412094525,-0.1147608925,-0.757690966
0.0326814027499996,-0.0301637092500006,-0.578386529750001,0.39022660525,0.3746038175,0.5040552,-0.33309230875,0.4580442385,-0.27935903,-0.25136309575,-0.22083979325,-0.24721678925,0.219760059,0.1228607105,0.32577661775,-0.0898819912500004,-0.0787099470000003,-0.0653325997500001,0.28781993675,0.39567752325,0.13332159575,0.18234487625,-0.179308196500001,0.239267818,-0.0718418217500003,0.365926296,-0.34456504975,0.233876223,-0.15890488975,-0.2925036565,0.0473273362499996,-0.088032686,-0.172053721,0.297971925,0.2106472975,0.0956604779999995,0.244107752,0.38169788025,-0.420626846500001,-0.262175809750001,0.2271174885,-0.34151674475,-0.0606030420000004,0.00297693149999978,-0.00118486250000049,-0.45713286925,0.486851874999999,-0.0954046262500001,-0.451351566,-0.0359200380000003,0.252207819,-0.11406968225,0.0250598917499997,-0.0506923537500005,0.25388795375,-0.25955026275,0.0983894102499995,0.00550877899999946,0.16785678375,-0.1253132255,0.232977122499999,-0.0105105332500004,0.34618625375,-0.316015305,0.4024983135,0.1439752525,-0.262530006,0.7563323555,0.111646568,0.22205842625,-0.0368037172500003,0.0984150182499997,-0.7508509285,0.11324691425,0.429184604,0.5986352195,0.1900285395,0.0411220462499996,-0.0354592655000003,0.0784654359999994
-7.06592499998271e-05,0.04668090375,0.33909476225,0.21242335525,-0.2347366525,0.0625962800000002,-0.0662407507499998,-0.1467390535,0.131042905,-0.0698755747499998,0.10135411575,0.07775978475,-0.0561655769999998,-0.1064769965,-0.02389669625,-0.18996202725,0.0934620620000001,0.25683666425,0.11291186075,-0.15986911475,-0.05461295825,-0.0959488087499999,0.2195678935,-0.119409004,0.24161907725,0.175631281,-0.17287630775,-0.000546587999999959,0.0554846872500002,0.0915091195,0.0128427612500001,-0.0127246269999998,0.00224705800000025,0.055163131,0.0727780625000003,0.16545811,0.0504054700000001,-0.0233732407499999,-0.0441922045,0.40935929725,0.0150570215000001,0.0291910942500001,-0.115511684,0.0506403685,0.1455032815,-0.04505412025,0.132693546,0.13442817675,0.086741883,-0.0454056349999999,-0.291389707,-0.05509035625,-0.53475011725,-0.06925945275,0.15059620975,0.11954871925,0.02405395325,-0.112035611,-0.11440891525,-0.1293567235,-0.1939943135,0.05899578775,-0.14046906525,0.022956625,-0.1765353165,-0.1225734485,-0.195631732,-0.1773041375,0.139988564,0.0309462672500002,0.0740190667500001,0.13418810125,0.222782395500001,0.0136562462500002,-0.095236837,-0.0629506734999999,0.0194036035000001,-0.05781868675,0.00853547549999989,0.181318147
0.32325426575,-0.21175780225,-1.31999606475,-0.11856074975,0.3836576275,-0.143674394,-0.37377553575,-0.0627742635000001,-0.00708876499999998,-0.62147440275,0.0500205627499998,-0.34358423025,0.0682089350000001,0.3601361735,-0.03371300125,0.13378875775,-0.0413572930000001,-0.14381179275,0.00899005074999988,0.43527315325,0.35029242675,0.47805663225,-0.606740627500001,-0.184066333,0.45576659925,0.0115605140000001,-1.29704012675,0.293954668,0.55145309825,0.2525768425,0.0873343582499998,-0.325956135,0.322522467,0.246134838,0.4737693145,-0.072476976,0.184723106,0.00329853525000012,0.0184827594999999,0.198456281249999,0.1197469295,-0.34741666175,-0.312531672,0.4273881515,-0.7904152085,0.12639229475,0.175230222,-0.0650529072499997,-0.0753406210000001,0.0840320909999998,0.33168825,0.36588692075,0.0645661687500002,0.74990511125,0.60185082075,0.45016249525,-0.41087384875,0.187434257,0.07754683475,-0.2961552815,-0.0083319624999999,0.00456867374999992,0.12133731475,0.279032233,-0.6692730115,-0.0331544095,-0.614922928,-0.1596806895,-0.157642316,-0.83229811275,0.35864183475,0.28941466925,0.0460425495000004,0.33539032525,0.618893392,0.1927851605,0.0228792935000001,-0.321908060750001,0.5870840015,0.0156077079999994
0.50034323225,0.35361901225,-2.06203583625,0.26694389275,0.629343557,0.3626990955,-0.27566348325,-0.00169806600000011,-0.0728582835,-0.33330055725,-0.19100842875,0.31165833525,0.3450824985,0.124285022,0.45439988025,-0.16416162775,-0.0123468865,-0.68092844125,-0.35823425775,0.15836995175,0.12075958525,0.37880161475,0.221112924,-0.2887062075,0.35833522775,0.0767289025,-0.0779403192499999,-0.1994650605,0.29855786675,0.0822633199999999,-0.23270891525,0.2155121365,0.3268155225,-0.0511454095,0.22700124,-0.3221246255,-0.2527516625,0.0479279747500001,-0.274029584,-0.25553566925,0.384329805,0.00976713475000002,-0.0270549005000001,0.668877998,-0.166596594,0.0170405222499997,0.0799386404999999,0.0699415292500001,0.0686941824999998,0.4899942015,-0.5126417835,0.21053096725,0.65093693125,-0.42990774125,-0.51826601475,0.33864888475,-0.0201705102500001,-1.0393100255,0.30932341725,-0.380080766,0.0690074539999997,-0.20391959675,-0.17723429375,0.2689394745,0.0400445779999999,-0.349076855,-0.0686471765000001,0.16250187,-0.1029537455,0.35681739875,0.22612028725,-0.08202947925,-0.18174488,0.0374541377500001,0.4805529475,0.359573572,-0.110256394,-0.0960944222500002,0.0410650509999997,-0.0437237265000003
-0.27149221875,1.07530972825,-0.52327280625,0.22368103175,-0.733826515,0.5239209355,-0.68227599725,0.896163473,-0.6901755395,-0.23927423625,-0.60409008475,0.24998087125,0.3721731565,0.503553969,1.02126892425,-0.22177110475,-0.0369902145000001,-0.53408076625,-0.29250275375,-0.53271884125,0.93432342325,-0.27190962425,0.229347716,0.7220501165,-0.71705290225,1.3690673085,-0.97072166825,0.8732203175,-0.26279472325,-0.650417912,-0.62378709925,0.3706876135,-1.0869330845,0.6326431105,-0.299578848,-0.2579917045,0.1795480835,-0.0175001422500001,-0.343106,-0.513851964250001,0.63189743,0.11848365075,0.1874749795,-0.883631939,1.762778997,-0.64601054775,1.2961494675,-1.20670345975,0.1804231175,0.6030026305,-0.4107266165,0.91149251325,-1.12998125975,-0.59339500025,-0.03031702475,-0.43744963625,0.14200767075,0.1599865005,-0.75522835775,0.357181027,0.705184103,-0.0325330337500001,-0.30717240775,-1.4119171095,1.900916404,0.414748581,0.8128083225,1.051881304,1.0608058355,0.82328746775,-1.07787196975,0.29510153075,-0.196009551,0.46108400275,1.2135605615,0.63742616,-0.271907533,0.0363557057499998,0.130311464,1.2063539635
-0.24050169825,-0.0473240212500002,1.14364216325,0.23203411125,0.0127610464999998,0.00451237199999999,0.0305834282499999,0.3161238355,-0.0915333840000001,0.0740782712499998,-0.20564128125,0.21207207075,-0.00926056799999997,0.0845763014999997,0.37987593175,-0.11626297525,-0.0398013310000003,0.58069630625,0.0224976007499998,0.0599193942499999,0.13835267275,-0.04406607475,-0.3697473825,-0.119579656,-0.18129623175,0.0813308299999997,-0.20361387475,0.264352459,-0.0751012957500002,-0.1737320985,0.0957734732499999,0.054060851,0.0969870369999998,0.0905320039999999,-0.1105717325,-0.0997485400000003,0.132511031,0.10134232525,-0.00700833050000055,-0.18161627675,-0.0873861485000003,-0.10688737775,-0.0597827190000003,-0.0903255265000004,0.3861361025,-0.328597815250001,0.262547296,-0.29583883025,-0.404429813,0.0938609639999998,0.0436012629999998,-0.00576652325000016,0.10485355675,-0.26578332675,-0.0764154582500003,-0.0180702477500003,0.0422521432499995,0.532292314,-0.0823066412500001,0.1029323065,0.0552720204999998,0.10747792775,0.15172759175,-0.436595761,0.1484609635,0.2521064175,0.0924637799999999,0.3590373605,0.0122917159999997,-0.12303359275,-0.04722522825,-0.0163802797500001,0.00233850550000037,-0.17328157075,0.14168765,0.2117132965,-0.1121207075,0.16481417025,-0.0312618795000004,0.199428795
